# model,burst,bstart,btime,fluence,peakLum,persLum,tau,tdel,conv,t10,t25,t90,fitAlpha,fitDecay,alpha
'xrba003',0,1914328361357631.5,405.25,2.0429241299965897e+40,1.9913738028422e+38,1.61106539253581e+35,102.58868159663515,0,4.2014209427815095,-9.0,-7.75,-3.5,0.51194421261276424,45.390956755370873,0.0
'xrba003',1,1914328361370549.0,309.75,6.3005999670014616e+39,8.8812187068352994e+37,2.7303544649940801e+35,70.942965993533051,12917.25,-0.055049582580904602,-7.5,-6.5,-2.25,0.65345149671037328,43.35233691096655,42.536831773949736
'xrba003',2,1914328361381858.0,260.25,6.1546309257886037e+39,1.12931974040669e+38,2.6983362703823299e+35,54.49856852384606,11308.5,0.30096150731889237,-7.5,-6.5,-2.0,0.74985966672428583,31.765392170706164,38.116493726437874
'xrba003',3,1914328361392092.0,243.25,5.1698533815349501e+39,9.6449224688351304e+37,2.9289961650265498e+35,53.601813785853494,10233.5,1.9972147647775758,-7.5,-6.25,-2.0,0.74464400761528293,32.474632288010973,41.109154368780068
'xrba003',4,1914328361402748.8,259.75,6.0277243349896342e+39,1.1548100382457899e+38,2.6984843540608099e+35,52.196674217917497,10656.75,0.78616806523872362,-7.25,-6.5,-2.0,0.75146613457786438,28.236018468100692,36.67597442715401
'xrba003',5,1914328361414292.0,266.5,5.7993731245325201e+39,9.7065397048127107e+37,2.7776853411319101e+35,59.747070541081357,11544.25,1.3553252492126098,-7.25,-6.25,-2.0,0.69245140919280401,34.339338591065726,41.310524949064735
'xrba003',6,1914328361425393.8,269.75,5.8051055206469431e+39,1.01003599843947e+38,2.72169306626249e+35,57.474243785528152,11103.5,1.4253446865838075,-7.5,-6.25,-2.0,0.72078007804285793,33.16603813638072,39.683377602144205
'xrba003',7,1914328361435844.2,251.25,5.8417564510626054e+39,1.07725881160804e+38,2.71116026858883e+35,54.227975562739005,10451.75,1.9938232012560919,-7.25,-6.25,-2.0,0.72755216983810578,30.691626060339154,37.117812082747939
'xrba003',8,1914328361448318.2,284.75,6.2058093816208831e+39,9.6093855483483898e+37,2.6202301212809202e+35,64.580709665536361,12470.0,3.0801604393875373,-7.5,-6.5,-2.25,0.67635985390646125,36.514239107940831,41.669129852276662
'xrba003',9,1914328361459471.2,267.75,6.1996946122732121e+39,1.1122056577069e+38,2.7275059723833501e+35,55.742340180641484,11153.75,2.0419489852649799,-7.25,-6.5,-2.0,0.73216682644495101,30.092929812272239,37.326874579568226
'xrba003',10,1914328361470890.0,267.75,5.910589512420068e+39,1.01987011288081e+38,2.7380484065459501e+35,57.954335927391035,11419.75,2.6689534684669631,-7.25,-6.25,-2.0,0.70135394186907773,33.016751004884497,40.088414798754755
'xrba003',11,1914328361482292.0,260.5,6.037732285561751e+39,1.06011839787925e+38,2.7615978906684699e+35,56.953377072222672,11400.5,2.3930850524634559,-7.25,-6.25,-2.0,0.70760799224002557,33.741795419498544,39.182525157828486
'xrba003',12,1914328361493568.0,268.75,5.8257943635814744e+39,1.0019339606562001e+38,2.6807349104853401e+35,58.145492540905259,11280.25,-0.56255271973481802,-7.25,-6.25,-2.0,0.70586098400208042,33.864882988764847,40.163974240167647
'xrba003',13,1914328361504363.5,252.25,6.0238050060538014e+39,1.1168802250462099e+38,2.7910654261579798e+35,53.934207724060755,10791.0,3.6316376584519245,-7.25,-6.25,-2.0,0.72994047885178515,31.098319100233333,37.178753873389702
'xrba003',14,1914328361517023.2,291.75,6.5169762530778644e+39,1.00034065057155e+38,2.5700137025200401e+35,65.147569973831963,12660.75,3.5729775708493312,-7.25,-6.25,-2.0,0.67392263825479781,35.734714653005419,40.276759674312402
'xrba004',0,216572.77566089932,246.08337545467657,2.043197669283825e+40,2.8860086517421601e+38,9.2317040143516395e+34,70.79665780109265,0,7.5018402127086512,-9.9339823575865012,-9.1968067932175472,-4.2585006436274853,0.72188471238980512,30.894154231358794,0.0
'xrba004',1,422711.80500653136,222.05039480363484,1.9897771830251879e+40,2.8801602654635499e+38,6.4530941379063804e+34,69.085641062579597,206148.59194567616,8.1530095564813596,-10.867103359603789,-10.102966766688041,-5.2306252208072692,0.70768833384434471,37.177672572087701,43.094345137483273
'xrba004',2,620385.57705590292,212.17909509292804,1.8986944864841719e+40,2.9084421947468401e+38,6.9788716534673395e+34,65.282180609040438,197665.74357700639,8.2951120488287504,-10.589359598816372,-9.865876566269435,-5.0197370466776192,0.72622507258319313,35.303578695804198,43.358005427157757
'xrba004',3,811301.69168457633,205.06244464812335,1.8411761756314487e+40,3.0625336140695199e+38,7.50268007492052e+34,60.119378516302348,190915.69216618233,6.9985436746076761,-9.6331030352739617,-8.8676958341384307,-4.1287952105049044,0.72663310977017037,32.772787547860588,43.239944311332792
'xrba005',0,12462.646252251247,100.01317326098251,4.6859794193466658e+39,1.84397387747341e+38,4.8477889932216998e+35,25.412395894497902,0,8.4180198441725427,-6.8593220571074198,-6.3460947738440154,-2.0082065771894122,1.0493597274627184,19.623415375679222,0.0
'xrba005',1,22048.703464025777,107.46711731222968,4.393531784095018e+39,1.46012306771523e+38,4.1336672913239903e+35,30.090147065273918,9593.654792685762,12.905985162480947,-6.9871546598296845,-6.4878258706085035,-1.9151141165129957,0.89558966158390807,27.1190179381782,45.61154657120489
'xrba005',2,31854.552620428447,109.04265441909229,4.4190343316621548e+39,1.52730212568936e+38,4.8471041843493003e+35,28.933596420338827,9798.2007950568841,11.20550844097845,-6.8720416029100306,-6.2790041027074039,-1.6707295178312052,0.96867163952410573,19.860585229285086,46.47337763697012
'xrba005',3,41554.84964572842,109.49409861067397,4.3835241810023085e+39,1.47561049987883e+38,4.6785310817527198e+35,29.706512534047853,9700.5112958843565,11.438754127465096,-7.0714209850557381,-6.5105368114091107,-1.9298221320423181,0.93524748226461885,23.891051672906013,46.345445982562957
'xrba005',4,51085.440532545137,103.03303066240187,4.4466260731482845e+39,1.5745603205465e+38,4.6543371963175202e+35,28.240430138649405,9532.4444359140834,12.425214105068303,-6.8749466502194991,-6.3945234514030744,-1.9927570355212083,0.92082052759356547,22.287713788380309,44.891006712197331
'xrba005',5,60959.482838383607,107.83819931948528,4.4085248670069551e+39,1.50693309199289e+38,4.6929197062908e+35,29.254947617991228,9872.1621458125228,11.626060972051226,-7.1302303678094177,-6.5881678161749733,-2.0383010863006348,0.9381241869519843,22.275157295115925,46.901277094001557
'xrba005',6,70482.634786282986,111.45968366938177,4.3706170810354031e+39,1.46768083084349e+38,4.4033064788757601e+35,29.779070416308212,9528.2011316538046,11.376989442107071,-7.0142357841250487,-6.4541964903764892,-1.9144053876661928,0.89259352271810677,24.198141269775242,45.596645382831156
'xrba005',7,80208.494797459934,110.61130504097673,4.4497797170478364e+39,1.4642837838339499e+38,4.1512931082748401e+35,30.388779594327886,9728.7566141760472,11.929005931825564,-7.0353163978434168,-6.5150864436291158,-1.9438746980304131,0.90654019928126317,23.314883545218745,45.673043752048933
'xrba005',8,89759.441473583385,104.63023449319007,4.3944350962360174e+39,1.54196738965989e+38,4.58019545762286e+35,28.498884773466532,9544.1619859370549,12.695110219249511,-6.7868836376874242,-6.3061725858715363,-1.8613967683195369,0.94661847358811868,24.528082689730986,45.463893543601785
'xrba005',9,99414.468409394365,104.52302224405867,4.3517654486952787e+39,1.5048524294464601e+38,4.7899927768445899e+35,28.918220574598255,9653.6260176887299,12.87197746733097,-7.0022542406950379,-6.5160953522135969,-1.9888457843917422,0.91733258070178514,23.320686649602226,46.48276084418395
'xrba005',10,109046.37532128984,100.81603931893187,4.4899059998707679e+39,1.6005264215482899e+38,4.2943659760016204e+35,28.052682788750211,9639.2489681489096,13.924435291920478,-6.6738636251538992,-6.2437347079248866,-1.7984398777334718,0.93941478104779397,26.018090052141964,44.879128629630884
'xrba005',11,118879.28984160612,100.74094807985239,4.4521033761967019e+39,1.59471271368217e+38,4.8359612233476701e+35,27.917902315564135,9826.5340141971537,14.158840979656574,-6.7920619190845173,-6.3627746333077084,-1.8889101247332292,0.94814502968334646,24.310984458529415,46.25911401497607
'xrba05d',0,13538.999666672877,94.324706055782372,4.4825168644196047e+39,1.8751662588834702e+38,4.6128943147052697e+35,23.904636952504834,0,7.8362366865404169,-6.8221834584328462,-6.204254781063355,-1.7981600306538894,1.162221746178782,12.854019696754271,0.0
'xrba05d',1,24653.830876712978,97.509254448596039,4.3925288728301812e+39,1.63992781171925e+38,4.68549118701406e+35,26.784891636328727,11115.020876565848,12.105786465246426,-6.9717967056458292,-6.4451200074872759,-1.9979142869196949,1.0473080401917589,23.169204276141581,47.96330661897597
'xrba05d',2,35596.128822335369,96.131617873499636,4.4524733753406723e+39,1.69419613315098e+38,4.8394252754265303e+35,26.280743346165373,10942.68496675176,14.251218953711938,-6.8455767729974468,-6.3894229202633142,-1.9411967997366446,1.0496552731390771,25.751592104452733,46.621750972380184
'xrba05d',3,46825.866467903987,101.53333005990862,4.3815441621288119e+39,1.60266475422081e+38,4.7444785048058497e+35,27.339118493680537,11229.125017528298,11.50179444887597,-6.8984094878542237,-6.3084508573883795,-1.714435094712826,1.0299412070970839,18.294946924796772,48.592284232033926
'xrba05d',4,57559.51337923012,100.16272311501962,4.401477293499163e+39,1.56888491096144e+38,4.7223410479746297e+35,28.054813088882735,10734.131431829104,13.521187432571473,-6.9609615612571361,-6.501474278360547,-2.0162335334898671,0.95333166940958591,20.777592128784512,46.234516964757269
'xrba05d',5,68850.803151294414,102.26431630621664,4.5014609360536923e+39,1.60198206566079e+38,4.3033037684862699e+35,28.099321662486386,11295.179929726306,12.466376024408525,-6.7768823565420462,-6.2715405321796425,-1.729784220297006,0.94392081348204093,23.397743792317961,47.465335865819036
'xrba05d',6,80055.856117449526,98.666481545078568,4.4909239198799056e+39,1.60460159171736e+38,4.4341775561917402e+35,27.987781783722376,11204.386966071848,13.139563943418471,-6.8054137637518579,-6.2936382702464471,-1.8489755939808674,0.97901207264849877,24.530629978613465,47.226923760057865
'xrba05d',7,91044.564779715962,101.23532206862001,4.4422834496714187e+39,1.56697183005909e+38,4.4729856401896299e+35,28.349478685292649,10988.151821288149,13.304511630533201,-6.974286332479096,-6.5294188930711243,-1.9827808594855014,0.94257620089743299,21.746173279908092,46.832211734396516
'xrba05d',8,102154.30648553246,103.33205062210618,4.3738304018359913e+39,1.5265752927418e+38,4.6373961722039299e+35,28.651258949569328,11106.772848182707,13.241071648159728,-7.0442053295701044,-6.5303911959344987,-2.0009467825293541,0.95876884503098991,23.397637135362704,48.120396568720864
'xrba05d',9,113226.06340545441,102.02896019179025,4.4095947007523982e+39,1.5805285341837901e+38,4.5697625589452001e+35,27.899494412035924,11071.287572717396,12.349465003776798,-6.9027809778926894,-6.3894610929710325,-1.9219015116395894,0.97601177721431154,22.157859036937683,47.560638073240874
'xrba05d',10,124160.18825976794,102.66711358787143,4.3779423789967501e+39,1.5630520624299e+38,4.4810060720878398e+35,28.008935109882771,10935.828628831281,11.747211783270259,-7.0997523979021935,-6.5627617099380586,-1.9723421192320529,0.96622723862208737,19.369256531617477,47.296209396190243
'xrba05d',11,135047.20889639723,98.559515740023926,4.3990323091970704e+39,1.54084701612591e+38,4.6050768557074497e+35,28.5494423726593,10887.238600124067,13.997141988096653,-6.8842337077658158,-6.418376097077271,-1.8897280064411461,0.94603452171125557,22.664950196127922,46.891028597501546
'xrba05d',12,146090.9965286451,101.6889696274884,4.3947647247558366e+39,1.5286599474356399e+38,4.3923311725304698e+35,28.74913241580084,11044.36604007025,13.347614842461603,-7.0272777570353355,-6.5364720471843611,-1.9944429922907148,0.9451083068514794,23.228149062461661,47.560498691363939
'xrba05d',13,157092.12436795395,95.075314452027669,4.4442447687858533e+39,1.69276351875643e+38,4.8400710519532699e+35,26.254374692873629,10999.88354020071,13.48559313967494,-6.5855468519148417,-6.1099818372167647,-1.7612175135291182,0.97613822336189182,21.494730690266596,46.952379936295827
'xrba05d',14,168542.12944334708,105.35981976526091,4.4630083553633736e+39,1.6304743696698301e+38,4.6030419829921797e+35,27.372453307972759,11449.07892618078,12.34917275503039,-6.8561300951696467,-6.3345542730530724,-1.8226201904763002,1.0565219227042477,21.990278224177757,48.60347883173452
'xrba05d',15,179443.05979313384,105.66328153616632,4.4045313399753454e+39,1.5570204332061101e+38,4.4447371013784603e+35,28.288205125900856,10904.340924660413,12.382332444992137,-6.9335972389671952,-6.3993778836156707,-1.8593801552488003,0.95725384380465273,21.737342885924178,46.866357227876975
'xrba05d',16,190456.4702202834,101.93806999977096,4.3609181832565795e+39,1.55281528990172e+38,4.8579283633856102e+35,28.083946697437455,11010.261179920199,13.103080068767289,-6.9952178180101328,-6.4522482164320536,-1.9328447971784044,0.97318507637820528,22.26439498261978,47.899177512988587
'xrba05d',17,201461.16333503457,103.7614857267472,4.3265587632857094e+39,1.5767819038194701e+38,4.8022859609668401e+35,27.439170584120735,11004.131772893103,11.548418209115209,-7.1539112175523769,-6.6003950507438276,-1.9922921487886924,1.0150904506120026,19.726569242757268,48.238540171303129
'xrba05d',18,212255.78019613813,99.075577653275104,4.4268300551627387e+39,1.62324055428468e+38,4.4639592112781298e+35,27.2715590026244,10796.748942945618,13.384748540751019,-6.6945055787218735,-6.2111806560133118,-1.7642303119064309,0.99759351787984962,23.87831974440881,46.174875272312711
'xrba05d',19,223327.2782804216,104.85656378205749,4.33470709821611e+39,1.5653665605857201e+38,4.4280940991730202e+35,27.691322961403838,11072.146830624697,12.803233699780966,-6.9807694395130966,-6.4743022070033476,-1.9157642993959598,0.98018149287863343,21.484265316543635,48.349877481171831
'xrba05d',20,233986.96797972295,96.165196763671702,4.2714275673751785e+39,1.5577057994687e+38,4.8057967795851399e+35,27.421272802810844,10657.620721394662,14.186292187585714,-6.931846160790883,-6.4458331262867432,-1.9977140980481636,0.97973205314604317,23.958922505281148,47.323432131616151
'xrba05d',21,244919.88207957678,94.24019674322335,4.3753594118388188e+39,1.68386931326566e+38,4.9534576452497296e+35,25.983960734775437,10932.477006906294,14.823246635421333,-6.7098047431209125,-6.2789617004164029,-1.8922007609799039,1.0231163784249135,22.639244103698427,47.427675442917845
'xrba05d',22,256286.96739314636,102.99088627233868,4.4353456167275063e+39,1.59525123460239e+38,4.6724831160186297e+35,27.803430083744761,11367.749600388808,13.715524892613306,-6.8038197411224246,-6.3184893824509345,-1.9068410654144827,1.0131280495235666,21.970546067120768,48.576999300282225
'xrba05d',23,267166.93607133621,101.11532273766352,4.3269992769625331e+39,1.5571200792728201e+38,4.5543819782442002e+35,27.78847524067158,10879.761376780196,12.958677899323785,-6.8818295490927994,-6.3764110754709691,-1.9177726074703969,0.97877758255080582,22.930916257991917,47.626152567795678
'xrba05d',24,278072.39978911792,103.62761368922656,4.3528319509668089e+39,1.5185146461627901e+38,4.1599258032720598e+35,28.665063995044076,10913.283461711602,11.974051834312785,-7.1346843293868005,-6.5565750935347751,-1.9836364578804933,0.96776001283028412,21.179511434102444,47.390481724079137
'xrba05d',25,288978.11289118428,102.09494099137373,4.3801854254597015e+39,1.5505883095026499e+38,4.5486772380658896e+35,28.248538948837055,10899.783479708363,12.555147987528908,-7.0317472114693373,-6.4978651457931846,-2.0256377636105753,0.94808214401256929,23.055305428535984,47.133017681693531
'xrba05d',26,299847.16915718134,99.943327598506585,4.2958912679408155e+39,1.5288594267877899e+38,4.43141806036993e+35,28.098667494674103,10870.850027397042,12.887702529488543,-6.9289359377580695,-6.3887851755134761,-1.9496914143091999,0.9788367141681602,22.732888443582301,47.900621520943652
'xrba05d',27,310840.13031658792,103.44145446905168,4.391121505113684e+39,1.57680791365446e+38,4.8822222212540798e+35,27.848170135934197,10989.101332482882,12.904235317580087,-6.9862953145056963,-6.4758077446604148,-1.9215791161404923,1.0073229667401957,22.462583662928079,47.484372833036971
'xrba05d',28,321734.67828058044,101.92274632304907,4.3399619813412339e+39,1.5546030178745401e+38,4.6217981325018697e+35,27.916850356271972,10894.867874000804,12.036872669063182,-6.8682847471209243,-6.329516067286022,-1.8972640836727805,0.98487503067223425,20.46310724639066,47.566756668769678
'xrba05d',29,332863.30942436564,95.367419284302741,4.4481388252130517e+39,1.68978900555514e+38,4.7655021285754897e+35,26.323634551946451,11128.713211405033,13.583358989131296,-6.9358849826385267,-6.4632404244039208,-2.0000712534529157,1.0075084645493719,21.877556083089129,47.442040675439465
'xrba006',0,273764.66974950256,47.764850561448839,7.0037116262601421e+39,5.0186164253586374e+38,1.1731173242673599e+35,13.955463085146315,0,70.889764090511392,-4.1856271862052381,-4.1736986238393001,-3.8549628093605861,6.0091874879380587,2.6748811896401588,0.0
'xrba006',1,563331.74509841029,50.97611535852775,7.359667439456803e+39,5.0461968797379084e+38,1.19472114164085e+35,14.584582438723739,289567.43092557887,56.164969596247801,-3.9685459759784862,-3.956611585454084,-3.6619596139062196,6.3598411352781765,2.6444110617950463,165.81915865699216
'xrba006',2,873431.07161954814,51.64113569224719,7.6419845706004229e+39,5.0999299885319076e+38,1.2362433935607e+35,14.984489174919604,310098.07140487793,0.0,-4.0586570894811302,-4.0466761024435982,-3.9827775045996532,7.167974329196328,2.4349787886969976,171.18423356267149
'xrba006',3,1219729.9061907134,54.178526400821283,7.7339204738581433e+39,5.0670119246695617e+38,1.2560713551701601e+35,15.263276638849632,346299.38973114348,8.8817841970012523e-15,-4.3860969098750502,-4.3741849430371076,-4.3305077315308154,6.4782877786276041,2.640790865114595,188.98483379352899
'xrba006',4,1604907.4454367082,57.171553024323657,8.168457594579256e+39,5.0551116356307891e+38,1.2521986104082201e+35,16.15880752663136,385181.909101411,43.188654698550828,-4.6722573572769761,-4.6519058039411902,-4.2708505059126765,6.3501623862626193,2.7589486285206384,199.0035847137338
'xrba006',5,2005248.3018591476,48.318373567657545,8.3340819025658765e+39,6.2162961550822016e+38,1.3157262916876701e+35,13.406828913310791,400336.47219230072,54.15056696131451,-2.6916128101292998,-2.6796785886399448,-2.0566919464617968,3.3913258093571184,5.3788148785673808,203.02790344609124
'xrba006',6,2476260.9955467801,62.060664054006338,8.7909941722660951e+39,5.0434098097885919e+38,1.28148301057136e+35,17.430656051792454,471017.74380353163,65.811512230754261,-4.6292896247468889,-4.6173492111265659,-4.2088859626092017,5.5943193324269469,3.2638483625988455,226.2744970059388
'xrba006',7,2901896.7533804937,59.242045836057514,8.2375726990519579e+39,4.9986633542753503e+38,1.2697007084723199e+35,16.479550862344777,425633.25985467248,50.912255285815391,-4.6025698883458972,-4.5906470869667828,-3.9751873393543065,5.4323015122295573,3.2126022714719955,218.14810623405887
'xrba007',0,25579.410923397882,437.71884539612802,1.9019132994905104e+40,1.8527629096480699e+38,1.88328156862976e+35,102.65281594242281,0,2.5403371404621686,-8.6363053424975078,-7.4825876837785472,-3.0367906150931958,0.50868096358651238,39.93421456032975,0.0
'xrba007',1,34002.882023757622,315.60761242034641,6.3338440820255528e+39,9.1219896071376309e+37,2.7996151306909601e+35,69.434896933773587,8425.2141554163718,0.4525973282528073,-7.7261276492572506,-6.5372044796968112,-2.2518469501592335,0.67019606431213541,41.405806624892975,41.225853063247762
'xrba007',2,41773.948052799453,292.8373386061503,6.8193315557171484e+39,1.1338162749567501e+38,2.7734035149050101e+35,60.144943288781732,7769.5327803266919,1.2917878130848723,-7.5070854721125215,-6.5169533079024404,-2.1378677429893287,0.70939720596782552,32.858669813307934,35.30794455449751
'xrba007',3,49495.001906015597,283.27635709376773,5.9169574651783035e+39,9.7397472205634709e+37,2.84118714622568e+35,60.75062659414678,7721.4392282929912,0.6123512431705932,-7.5510901593734161,-6.4540363499472733,-2.1887869052734459,0.70656868576475573,34.54937463241609,40.449590705366859
'xrba007',4,57102.853720915686,282.71951671878196,6.5975730247102014e+39,1.1162181391148699e+38,2.7332898583180101e+35,59.106484597552715,7608.8876476591322,1.2222442858124702,-7.4785532728783437,-6.5038315624187817,-2.1813658909595688,0.70519821183232945,32.48569585890472,35.735518279182671
'xrba007',5,65066.163341923908,287.9234666536795,6.063793279098723e+39,9.6501142535068297e+37,2.8359785497335501e+35,62.836492085004636,7961.8895339454684,0.54388620227891826,-7.6065787677871413,-6.4982053807470948,-2.2836822812168975,0.69366050858520967,36.7469776313674,40.698535676556347
'xrba007',6,72747.421462287268,290.47727120520722,6.6836190931195443e+39,1.09755326847548e+38,2.87143758121199e+35,60.895623794216419,7680.9180931481897,0.43275196701056756,-7.6926733054860961,-6.7366381475731032,-2.6127145974896848,0.70169007836851671,33.158305630846925,35.625268481864801
'xrba007',7,80670.526157380576,288.2428865608963,6.3505537912011434e+39,1.0175788752881001e+38,2.84766953735007e+35,62.408467249314263,7923.4004552299593,1.8722949866175147,-7.4853015289118048,-6.4999838135699974,-2.2615527580055641,0.68647705204878329,33.009717587624152,38.67438449736445
'xrba007',8,88801.114657387443,294.64702406340803,6.5228599199322384e+39,1.04125250837239e+38,2.8478587932846502e+35,62.644362126227165,8131.2579984554468,0.92753789659130104,-7.4963911456870846,-6.4474819083552575,-2.2372684825677425,0.69147605355485653,33.651934301921969,38.640555190600814
'xrba007',9,96407.787693804421,283.92209184875537,5.9627442285396051e+39,1.00552236191187e+38,2.8189360479037399e+35,59.299966409520941,7609.6614258691698,0.19734150606284306,-7.6404543636745075,-6.5378545246348949,-2.1905856145458529,0.71806563128292722,33.359260507769967,39.555082759326311
'xrba007',10,103763.51886844776,271.32936018156761,6.3669403313970308e+39,1.1238486577743899e+38,2.80143571808553e+35,56.653004720455698,7353.2420317762299,1.7609567452769659,-7.3465593775763409,-6.420478717496735,-2.0454762589215534,0.72095497779785211,31.744004518199326,35.793708991470488
'xrba007',11,111210.15572687676,271.65914545998385,5.6697737359280626e+39,9.4645456673561309e+37,2.93598532396926e+35,59.905397841583692,7446.6636220188811,0.81716789188575956,-7.5867889654182363,-6.5218807515193475,-2.2379777935420861,0.69803537909572988,33.79560111345625,40.723315736362345
'xrba007',12,118659.71845572627,284.59725441130286,6.3651287548448532e+39,1.0874000486274799e+38,2.8999399300406599e+35,58.535299523656825,7447.7856464289653,0.92420523601666049,-7.4478418092330685,-6.4546465004677884,-2.0748271716729505,0.70979993955251031,31.006756588874453,36.275767334454173
'xrba007',13,126108.30638737993,277.35489360768406,5.5703187679464731e+39,9.1920307067827295e+37,2.9190382599427e+35,60.599436029257141,7449.3787319332623,0.16068802832813978,-7.9280606983520556,-6.7777327975927619,-2.3714610888855532,0.70278887481511698,34.915176418887995,41.463254811677125
'xrba008',0,5448.9816319655292,516.1451342812943,1.3718095951043724e+40,1.2785287426893899e+38,3.1028707471995702e+35,107.29595270723173,0,1.0146075643641281,-8.2195342771492506,-7.0265202964937998,-2.6512857521938713,0.52109647663944236,52.075059576465186,0.0
'xrba008',1,7431.7986209024602,354.50214499991034,4.7109602131426016e+39,6.1822785226668304e+37,6.3182252773832997e+35,76.201034875252589,1982.5515476986056,2.992257115294167,-7.7676753115629253,-6.7285897435558581,-2.2561293038907024,0.61045849367667615,46.111613185568174,43.349195532613933
'xrba008',2,9435.4840219167363,381.44305424797312,6.1186372827401705e+39,7.5145981004512996e+37,4.8216571625546798e+35,81.423346943500647,2003.7042345762738,-0.68592792543131276,-8.0844941600880702,-6.8198041115447268,-2.2234055970966438,0.63783070056377511,50.839908959275725,33.683209018377525
'xrba008',3,11431.930780508203,375.76277105053123,5.7570983801662257e+39,7.3738304390057597e+37,4.8349050837780098e+35,78.074732363149863,1996.7645170003816,1.0626840052981856,-7.7747516453018761,-6.6908749427984731,-2.0541264642142778,0.66626258201442101,46.665778572558381,35.674947787398985
'xrba008',4,13380.648039145661,367.66859631002808,5.3300537427670159e+39,6.8667116673626799e+37,4.84180076810769e+35,77.62163319162849,1950.5343775419551,1.2897320333601179,-8.4583119242743123,-7.1988530946091487,-2.4092669015044521,0.66086583153732015,48.019377505146267,37.641340306907253
'xrba008',5,15348.850726271152,376.98596506704234,5.7492804929824948e+39,7.42298476284779e+37,4.7659406080140097e+35,77.452408655851968,1968.0323268536831,0.27663177183493376,-8.083821358415662,-6.9302535908300342,-2.2988709954788646,0.64880255254090913,47.957712841854175,35.20705977507189
'xrba008',6,17307.035900209587,374.2817525772407,5.4897470859242624e+39,7.0215427037526899e+37,4.8594878791199901e+35,78.184343776621148,1957.4223448506291,-0.15350482692513759,-8.1749070368678076,-6.8456129260594025,-2.17013306064473,0.64671640137130249,45.779149132656713,36.67606474736111
'xrba008',7,19233.147202324282,366.53257844095424,5.3924935394815085e+39,7.0473337803404701e+37,4.8453993793124099e+35,76.51820826941146,1925.3238970621205,1.1741237420975297,-7.9049452365325124,-6.8247598622001533,-2.1579338207375258,0.64068121501191477,45.892643390904475,36.724741315565133
'xrba008',8,21175.192854172983,370.83645184086345,5.5738985890842638e+39,7.2127442096455999e+37,4.8883468086650898e+35,77.278473034303531,1943.8863143016715,0.36815166554911255,-8.0533700074374792,-6.8992066586688452,-2.197988010768313,0.65106145991952302,48.854364082735302,35.873562691706027
'xrba008',9,23116.39570504885,367.84863875474184,5.5315313071284353e+39,7.0251057761042502e+37,4.9341070354900801e+35,78.739473588338313,1940.0985415587747,0.96639284402056325,-8.1215189253816789,-7.0870173279072333,-2.6450440461812832,0.66287306447144356,46.92737826702178,36.079494537296419
'xrba008',10,25013.537253612445,361.62489276967972,5.39248245674687e+39,7.1240982175477897e+37,4.8463168142601497e+35,75.693544531212751,1900.3797856002966,-0.217625404140774,-8.3836091286430019,-7.0573794128322334,-2.3614189672480279,0.66569412775523018,46.150733444736453,36.249049740923354
'xrba008',11,26920.239222029617,364.58689117901667,5.2901209705411044e+39,6.8688715358640599e+37,4.7601293758539197e+35,77.015867059386508,1904.9165446917541,-0.50306500726289993,-7.8692161254839448,-6.5254626178466424,-1.8035456990219245,0.65918054641556623,47.267308352607849,37.035560675103426
'xrba008',12,28831.707065496033,367.47028463469178,5.4864335680310848e+39,7.1096325955663602e+37,5.2706988861373603e+35,77.169016742897256,1908.9729113317226,0.46027593129802136,-8.0789330675797828,-6.9101952390301449,-2.2038180872878002,0.65483624999003975,49.413474807977821,35.804181623914708
'xrba008',13,30753.960474829368,366.49499710591772,5.4859811060203242e+39,7.1120344459512204e+37,5.1975331785670101e+35,77.136593582493333,1922.5290823710056,1.4814719888028955,-8.0605151965137338,-6.9901324941311032,-2.2754862335059443,0.66058499872590803,48.304748681006586,36.058847424735767
'xrba008',14,32656.638354460396,364.8808132396407,5.3407128262713652e+39,6.89548175627438e+37,4.8851561091012497e+35,77.452352352490962,1905.2555680354053,0.01676377058309934,-8.2752682504251425,-6.937466252125887,-2.2075287705702067,0.65687771344543489,47.189836626087697,36.69571689032535
'xrba008',15,34565.478021012481,364.93426949631976,5.487178631905557e+39,7.2824249516391802e+37,4.9643195706920801e+35,75.348234528259212,1905.7365640503776,0.61361736568873959,-7.9485166024314822,-6.8298587467652396,-2.1807208225363865,0.65898020338004715,46.776963371450343,35.727987446387466
'xrba008',16,36457.387444397726,370.31944248628133,5.3776963412491716e+39,6.9886193279539996e+37,4.8497010314951701e+35,76.949338472890545,1894.2931697895765,-0.32771916482883345,-8.1193594049182138,-6.787807471693668,-2.0767053782110452,0.65904441369345523,45.934914798655392,36.232417460353609
'xrba008',17,38346.372438376296,367.51962524237024,5.3576862661194623e+39,6.8838729362846897e+37,4.8898727317161799e+35,77.829534561558475,1889.8762739802405,2.1360160717068113,-7.8936932940414408,-6.8503475782345049,-1.9848299738296191,0.65983415988050687,48.290279982247817,36.284358459715357
'xrba008',18,40236.412867839659,367.28341677257413,5.3855078291925508e+39,7.03016577522556e+37,5.1188438548449802e+35,76.605701791146728,1887.412061285424,1.9191432629453222,-8.1050535153844976,-7.0995194157221704,-2.2954871957117575,0.6639347969098861,46.892018234495524,36.057870993079092
'xrba008',19,42096.498535568906,352.02431946727302,5.1387967559871104e+39,6.8444612536286997e+37,4.9087403892976101e+35,75.079638346446856,1864.521541389091,0.19213903561827259,-8.1245171319606015,-6.8387469127846998,-2.1229061209960491,0.65338929410983715,46.843785507641144,37.323063574356027
'xrba008',20,43988.862179233751,374.917859968431,5.4497803414582082e+39,6.92094578490069e+37,4.8956133604363401e+35,78.743289007521213,1891.4123214706997,-0.16815213353954725,-8.2090447571899858,-6.977435330132721,-2.2487129870060016,0.63708496102807355,49.858371467153042,35.700392779796495
'xrba009',0,2981.5868321973403,229.14194855054893,6.7222718251691369e+39,1.36453525769071e+38,5.5285860011777698e+35,49.264185643291228,0,6.467890766733789,-6.9802191822400346,-6.3294994152438449,-1.8169091680233578,0.70673819358103107,34.730272133731454,0.0
'xrba009',1,4762.5472637426292,220.95345692991941,4.627860269399385e+39,9.4213420476534006e+37,5.4952617917922699e+35,49.121030167374713,1780.9746003396576,8.1959044206050358,-7.6372921166730521,-6.9297178806427837,-2.3067284639037098,0.73945845874999394,30.471250025197978,39.609226771425895
'xrba009',2,6454.4098238435981,220.01283732657066,4.5780400307524376e+39,9.3692064217152295e+37,5.3619031316064401e+35,48.862623200848759,1696.0857173420654,8.4505341111670056,-7.2130909551478908,-6.5278937562252395,-1.9179812222027977,0.73114539671996637,38.367401499296662,38.126840060884049
'xrba009',3,8158.0003188514411,218.58011680535219,4.5523012102068447e+39,9.2899426719192792e+37,5.4353348314963797e+35,49.002468271059314,1702.7196841078921,8.3427285347215072,-7.3259356829394164,-6.6438373726232385,-2.0932343633767232,0.7302177758714492,38.350513391625242,38.495126910399144
'xrba009',4,9862.4330121396833,222.4582635962106,4.5130081627367447e+39,9.2239391147405693e+37,5.7664108456894303e+35,48.927124372759657,1701.7080200400278,7.904694310052804,-7.2951524714480911,-6.5809684083233151,-2.0187661638356076,0.74328237414974163,38.63731880612287,38.81970229002507
'xrba009',5,11516.478349214001,217.10525944816618,4.3558592397067774e+39,9.0417042608038192e+37,5.6547144855400801e+35,48.175201422917759,1653.8458267386632,8.0336253674841078,-7.4971154779959761,-6.7962975889113295,-2.1306074294370774,0.76443884305601961,37.195390688339529,39.084749928503683
'xrba009',6,13103.861838080729,212.29208709567138,4.2641314535895853e+39,9.0528803561607195e+37,5.5388984032207501e+35,47.102483252059479,1587.5596749413307,8.6340039458697628,-7.2613363383625256,-6.5528292537255766,-1.870814768870332,0.74897082406286231,32.145618962956732,38.320993776919636
'xrba009',7,14692.948246157977,215.69596682422161,4.3034696632854509e+39,8.9518148336193096e+37,5.6148872401650398e+35,48.073711792198836,1588.5626332457923,8.7518456966203821,-7.2821035338656657,-6.5836192833285168,-1.9558700550460344,0.72553108966141711,36.54311726450765,37.997493273755438
'xrba009',8,16331.752218945116,215.27273713489012,4.3648202148703029e+39,9.1484575677955291e+37,5.6804562331001703e+35,47.710995897662322,1638.6062517466253,8.5075737161020122,-7.2169814679309638,-6.5141803463793622,-1.9073789409139863,0.73535719673733024,32.7788132128806,38.6460632576607
'xrba009',9,17961.601190080804,216.31043195239909,4.2941883785719569e+39,8.9547772090972593e+37,5.6497100140727e+35,47.954162100308231,1629.7756136935968,8.5031508671196452,-7.5840733062032086,-6.4976568982820027,-1.9071263894184085,0.75072237727365776,28.974017484162903,39.068862290622576
'xrba009',10,19561.451938563041,212.57370025602359,4.3261393772494636e+39,9.2042530070067295e+37,5.7672994402287998e+35,47.001526076653846,1599.9927973768645,8.7365185806087187,-7.7447451627413102,-7.0512030802710797,-2.3034253357291163,0.73134789068823403,31.752305356150181,38.075986930558415
'xrba009',11,21168.241769958222,215.00545175988736,4.3182710268803872e+39,8.9353084011467592e+37,5.5316946315770798e+35,48.328169918860098,1611.0094995787767,8.4700107209526152,-7.4942165609936637,-6.7955550801052595,-2.1983527577394852,0.75594572333632004,37.783250257478819,38.399224538528323
'xrba009',12,22789.776067062267,214.73520992555132,4.2153088377714915e+39,8.7861038308450701e+37,5.49939854301319e+35,47.976997756081062,1620.1226788413296,8.7565955776329911,-7.2753361691429745,-6.547253198317776,-1.8509178275344311,0.76103300076907932,37.775835352857044,39.558437043130084
'xrba009',13,24361.692315356617,209.99363376497422,4.3020705745347437e+39,9.0540155361291494e+37,5.7803164756960597e+35,47.515608487391681,1569.1069270099433,8.8606395211554876,-7.5802512507216306,-6.89767582379136,-2.1848406076678657,0.76582422699840946,37.170133815640106,37.550363787871127
'xrba009',14,25947.711385294224,212.33650659736668,4.2072938330888993e+39,8.7525176603629797e+37,5.7643286140713403e+35,48.069526921861893,1586.2581067472929,9.0703461995693466,-7.2799720919829269,-6.5805834227103333,-1.8726097220132942,0.76341721193302159,38.040047492238543,38.815341037818619
'xrba410',0,592.02319396419443,11.306282640088966,6.4466921033027453e+38,2.3188685057972801e+38,1.12835663226639e+36,2.780102488427314,0,18.086542219515454,-0.23239146435639668,-0.21086408356563879,-0.076989256278352514,3.9538932088842884,2.9997284484582192,0.0
'xrba410',1,1208.8914687478498,9.8813696163967961,8.955466115574484e+38,3.8039490436514399e+38,1.23374543149393e+36,2.3542550157238864,616.6584164992787,18.15547196212821,-0.49727338519869591,-0.46131921659321051,-0.092190130615563248,4.9233851848372439,2.1189348006008397,127.73821901420314
'xrba410',2,1837.5004417770483,12.750641521860643,8.1006446410959815e+38,2.57949832197715e+38,1.20265545998634e+36,3.1403953908707911,629.64532957285451,14.507902680114798,-0.58026851200884266,-0.5532481309328432,-0.26731852829084346,4.4486166036082251,2.6907553287565067,144.16771093504349
'xrba410',3,2442.7679905618138,12.427940898694033,8.659030813838115e+38,2.8525764820847101e+38,1.23135170631665e+36,3.0355122354195223,604.48359143955417,12.304459530488625,-0.55664382376880894,-0.52132144742063247,-0.24758452974083411,4.4568252189515203,2.6844602489032146,129.50126651019417
'xrba410',4,3049.5067778391035,12.51749680872399,8.3616158120633318e+38,2.7968954355270302e+38,1.2489850178197899e+36,2.9896061561156357,606.50817221273564,12.069165799091838,-0.53983134763984708,-0.51462398394232878,-0.23917654127035348,4.47010960605094,2.6729750065580653,134.56946071648642
'xrba410',5,3653.0838738032926,12.665245291135761,8.4660585727837789e+38,2.84964308703522e+38,1.2246833726366599e+36,2.9709189236017273,604.82760930961513,12.248749842677594,-0.54025486618456853,-0.50675152299800175,-0.23388620762671053,4.4795755014931551,2.6659166214744801,132.52368744842113
'xrba410',6,4257.2206969948566,12.965392298232473,8.3339551480199658e+38,2.8220461268312299e+38,1.22583551592266e+36,2.9531604989667026,604.31444769131258,12.323098816022702,-0.53334585010361479,-0.50921262035080872,-0.22856349288304045,4.5446035378356351,2.6271214802539702,134.51096504606872
'xrba410',7,4861.8687750016879,12.668370990632866,8.3973061493495357e+38,2.8535316001948098e+38,1.23710273502816e+36,2.9427766451846034,603.88381105969984,11.981792302824633,-0.53755533607909456,-0.50178259338008502,-0.22887785393322702,4.5361590812275345,2.6312939145194569,133.4091595624451
'xrba410',8,5464.8250991001978,12.544352995279951,8.386414692822818e+38,2.84637705585439e+38,1.2324845618128699e+36,2.9463470679591635,603.24352696322421,13.296245547088036,-0.537178444969868,-0.50137541901949589,-0.23318370168726688,4.5166109438250368,2.6390337862027522,133.43746209081976
'xrba410',9,6070.7172455208902,12.595165619673026,8.309853607052124e+38,2.8308127287279598e+38,1.23184702349447e+36,2.9355010039064644,606.08103144500546,12.721824454212927,-0.54049317390308715,-0.51542567212891299,-0.23082422512561607,4.6047572033233282,2.5820860144532638,135.29983378852214
'xrba410',10,6673.6927467135747,12.761513603820276,8.3864519041270805e+38,2.8601292411885699e+38,1.24443785370753e+36,2.9321933370542248,602.20977277787188,12.558987557757712,-0.53530036494703381,-0.50194982736957172,-0.22626496093562309,4.5840605170243096,2.5924865417352345,133.21678797296875
'xrba410',11,7278.0364750055014,12.760980992165969,8.3474733480587641e+38,2.8562328789948999e+38,1.22752866379066e+36,2.92254648052235,605.17796616578289,12.122168006733412,-0.53397467022841738,-0.49628270700213761,-0.22858493542571523,4.5248258624585,2.6325250055953151,134.48625510313201
'xrba410',12,7883.3323957067605,12.349184081209387,8.262982485884444e+38,2.8379938493657801e+38,1.23603967113137e+36,2.9115575735764936,604.87465545699888,12.663161092814354,-0.53283186176486197,-0.50892102291709307,-0.22119388777446147,4.603670615387129,2.5864092135430941,135.79954501444706
'xrba410',13,8485.360366121693,12.375971776868028,8.2797677296964143e+38,2.84994309327798e+38,1.2343831993557201e+36,2.9052396692500611,601.96186150432641,11.395707399995453,-0.53401057084010972,-0.49912442610911967,-0.22503438953572186,4.5622112255179657,2.6091737915654059,134.87041820833545
'xrba410',14,9089.6665893112386,12.485894308914794,8.2331957542584468e+38,2.8143139121476199e+38,1.24234210014016e+36,2.9254717175368845,604.04677431853088,11.250142745267283,-0.53541778843646171,-0.50173984510911396,-0.23286588875089365,4.548792424289144,2.6210086445497995,136.10893682173869
'xrba410',15,9694.0074109647448,12.350588388393589,8.3341837787063268e+38,2.8432589019877901e+38,1.24702680069536e+36,2.931208189616394,603.86040794514156,12.867273773702925,-0.5479841026935901,-0.51357451243347896,-0.24368163171493507,4.5274521594250619,2.6378403908833303,134.4215699597485
'xrba410',16,10298.419246576148,12.307876101227521,8.3518840122298294e+38,2.86203176238387e+38,1.2387627352538e+36,2.918166081173502,604.79984868637439,12.331390197832855,-0.54869898420292884,-0.51076691574235156,-0.23331749728458817,4.5679391924075299,2.6034910813299219,134.33938434397157
'xrba410',17,10901.855934780051,12.445793193995996,8.2342895341231565e+38,2.8484833689967702e+38,1.22720594734401e+36,2.8907627208731976,604.05132503334607,12.224147884453261,-0.53042038664170832,-0.493526449019555,-0.22754625661036698,4.5761571893130357,2.6013951239022162,136.08077883920794
'xrba410',18,11505.741319244005,12.15521097445162,8.2845801373052224e+38,2.84250950792603e+38,1.22981598392357e+36,2.9145303170330892,603.40607704007925,12.122729370852435,-0.53733141184056876,-0.50370738922174496,-0.23447682630103373,4.5214839513291896,2.6376492422918201,135.11213776647807
'xrba410',19,12109.676840908076,12.63939645768005,8.3346088819258322e+38,2.84903589934061e+38,1.1648226110644401e+36,2.9254137808003122,603.54029596133478,11.089491985355824,-0.53085303772058978,-0.49401787615352077,-0.23049323687155265,4.536171740398669,2.6290772422670172,134.28393222434983
'xrba410',20,12713.759903379067,12.536286157312134,8.3562855848767588e+38,2.8484928991588201e+38,1.1274958910075101e+36,2.9335813290405,603.96697063339343,12.213341932864385,-0.53100217692190199,-0.50005111507744004,-0.23682159369491274,4.5716488272173175,2.6048995277159204,134.00329925752942
'xrba410',21,13315.990436344733,12.308354589895316,8.341734932595251e+38,2.8795807225291899e+38,1.25604122291997e+36,2.8968574721074494,604.21935737731474,12.009081618798653,-0.52027966918467428,-0.48433669605037721,-0.22601158893121465,4.5396757143645621,2.6266151937668929,134.38624867258898
'xrba410',22,13919.382946616883,12.412302413742509,8.2595536011743914e+38,2.8456910680114801e+38,1.24202498838801e+36,2.9024772555321774,604.10691946825136,11.189555726876192,-0.52111374577543756,-0.48373195329986629,-0.22458998568617972,4.5499550328562171,2.6214992846123386,135.68786388009468
'xrba410',23,14524.977254719446,12.31521049123694,8.3299350795690635e+38,2.8758992651776e+38,1.27914436950149e+36,2.8964627448641362,603.88827396341912,11.463226270646659,-0.53741012910904828,-0.49550511970664957,-0.23888471868303895,4.561740509039077,2.6137635782343875,134.5196221815624
'xrba410',24,15128.874399277813,12.452794083701519,8.3771700083824703e+38,2.8749020994378899e+38,1.27739606772605e+36,2.913897488898979,603.9548177267061,9.92909509837569,-0.54269061171908106,-0.5014876964778523,-0.23017174178494315,4.4882432263551539,2.6630999274221416,133.77460817161511
'xrba410',25,15741.633512535038,11.601479477400062,8.3412615980009125e+38,2.9492798674364198e+38,1.2860518861403001e+36,2.82823671300185,612.5871790506626,13.906350194192147,-0.4978613820476312,-0.47928747714649944,-0.2158507704953081,4.7129250724077059,2.5279351814137709,136.27713263884121
'xrba410',26,16343.750659190533,11.971872747088128,8.1255726839426435e+38,2.86932076224002e+38,1.31626546610783e+36,2.8318802104227534,602.04116700118902,11.03300499449378,-0.51511843747721286,-0.48185464748712548,-0.21677488504792564,4.6374934906763459,2.5684820128674728,137.5085626484462
'xrba410',27,16942.026166002728,12.203559964236774,8.2595295695783747e+38,2.8723793738090698e+38,1.26370477391756e+36,2.8755009330906698,599.2395422956306,11.97428317250727,-0.52564589594476274,-0.48794301465386525,-0.21807232440551161,4.5228620662966277,2.6359358204603311,134.61072763315019
'xrba410',28,17544.368349288048,11.694210044370266,8.3887220986928738e+38,3.0121301571655202e+38,1.25242668797811e+36,2.784979951393217,602.02901119597664,10.344219460504636,-0.51765284874636563,-0.48520996222214308,-0.19964883594730054,4.7177157682730853,2.535241867644769,133.14649350000693
'xrba410',29,18166.281398193754,12.291197299386113,8.2765948496871959e+38,2.9427237528778201e+38,1.2864724545213901e+36,2.8125626272575355,620.86743232470326,10.196589782696554,-0.52379210208891891,-0.49216730644548079,-0.20629711352012237,5.0628972986764778,2.3857470348020642,139.19864030264091
'xrba410',30,18789.070878682502,12.415763618842902,8.223252031507185e+38,2.8644672542283702e+38,1.27485283400822e+36,2.8707788575234958,623.16108016451471,12.395499939565582,-0.56107037655601744,-0.52426715430556214,-0.22977473496939638,4.7366557344028104,2.5000563868440966,140.61036469924991
'xrba410',31,19411.894831860973,12.532635507421219,8.3981440247391206e+38,2.87886855413466e+38,1.2928887748835201e+36,2.9171682787245086,622.05484798519319,12.548297515923457,-0.59518281818964169,-0.55373077765761991,-0.23838538687050459,4.6923655753264315,2.5303820530624335,137.45108979168668
'xrba410',32,20012.659606080906,11.454067050777667,8.3264396415488622e+38,2.9423877596961002e+38,1.29343020083569e+36,2.8298240482107109,601.96787859166216,12.616750483351645,-0.52242672655120259,-0.48807338791084476,-0.22830915070881019,4.7153546902101473,2.5212691741538067,134.15846276500801
'xrba410',33,20612.18421178939,11.821827706582553,8.1130691650927841e+38,2.8656691755066301e+38,1.26540764160527e+36,2.8311255306218137,598.74109581833909,11.730313676776543,-0.50255518960693735,-0.46502577331921202,-0.20539227537301485,4.5683547201199124,2.6092299343381793,136.92804132361368
'xrba410',34,21210.58773102731,12.073824659830279,8.2562352057565917e+38,2.96098182457004e+38,1.27996407391053e+36,2.7883437639660178,598.67755482116263,9.2714561421457855,-0.52622947337295045,-0.49890210946614388,-0.21625929952642764,4.5975232970876858,2.5706076913080058,134.54993639139849
'xrba410',35,21830.887512612335,12.006044258450856,8.2340283421038502e+38,2.9506445903164699e+38,1.26939657565847e+36,2.7905862905775152,620.82223854444965,8.7426237053264462,-0.52648437513562385,-0.48852193189668469,-0.20562525830973755,4.7521247599062511,2.5004902056575178,139.89517991147395
